기능,요청 주체,메소드 타입,URI,요청 Headers,요청 Body,수신 주체,응답 코드,응답 Headers,응답 Body,비고
로그인 (성공),VMS-Client,POST,/auth/login,Content-Type: application/json,"{""id"": ""id"", ""pw"":""pw""}",VMS-Server,200 OK,Content-Type: application/json,"{
    ""ok"": true,
    ""data"": {
        ""accessToken"": ""JwtToken"",
        ""expiresIn"": 3600,
        ""issuedAt"": ""발급 기준 UTC 시간""
    },
    ""error"": null
}",
"로그인 (실패, 필수 필드 누락)",VMS-Client,POST,/auth/login,Content-Type: application/json,"{""id"": ""id"", ""pw"":""pw""}",VMS-Server,400 Bad Request,Content-Type: application/json,"{
    ""ok"": false,
    ""data"": null,
    ""error"": {
        ""code"": ""INVALID_ARGUMENT""
    }
}",
"로그인 (실패, 아이디/비밀번호 불일치)",VMS-Client,POST,/auth/login,Content-Type: application/json,"{""id"": ""id"", ""pw"":""pw""}",VMS-Server,401 Unauthorized,Content-Type: application/json,"{
    ""ok"": false,
    ""data"": null,
    ""error"": {
        ""code"": ""AUTH_INVALID_CREDENTIALS""
    }
}",
로그아웃 (성공),VMS-Client,POST,/auth/logout,Authorization: Bearer <accessToken>,,VMS-Server,200 OK,Content-Type: application/json,"{""ok"": true, ""error"": null}",
"로그아웃 (실패, / 잘못된 토큰)",VMS-Client,POST,/auth/logout,Authorization: Bearer <accessToken>,,VMS-Server,401 Unauthorized,Content-Type: application/json,"{
    ""ok"": true,
    ""error"": {
        ""code"": ""AUTH_INVALID_TOKEN""
    }
}",
회원가입 (성공),VMS-Client,POST,/auth/signup,Content-Type: application/json,"{""name"": ""name"", ""id"": ""id"", ""pw"": ""pw""}",VMS-Server,201 Created,Content-Type: application/json,"{""ok"": true, ""error"": null}",
"회원가입 (실패, ID 중복)",VMS-Client,POST,/auth/signup,Content-Type: application/json,"{""name"": ""name"", ""id"": ""id"", ""pw"": ""pw""}",VMS-Server,409 Conflict,Content-Type: application/json,"{
    ""ok"": false,
    ""error"": {
        ""code"": ""AUTH_LOGINID_ALREADY_EXISTS""
    }
}",
장치 목록 조회,VMS-Client,GET,/devices,"Accept : application/json
Authorization: Bearer <accessToken>",,VMS-Server,200 OK,Content-Type: application/json,"{
    ""ok"": true,
    ""data"": [
        {
            ""deviceId"": 11,
            ""name"": ""CCTV1"",
            ""type"": ""CCTV"",
            ""ip"": ""192.168.1.101"",
            ""model"": ""Hanwha XNO-8080"",
            ""online"": false,
            ""health"": ""DOWN"",
            ""channelCount"": 2
        },
        {
            ""deviceId"": 20,
            ""name"": ""UGV 1"",
            ""type"": ""UGV"",
            ""ip"": ""192.168.1.200"",
            ""model"": ""UGV-X1"",
            ""online"": true,
            ""health"": ""OK"",
            ""channelCount"": 2
        }
    ],
    ""error"": null
}",
장치 채널 조회,VMS-Client,GET,/device/{deviceId}/channels,"Accept : application/json
Authorization: Bearer <accessToken>",,VMS-Server,200 OK,Content-Type: application/json,"{
    ""ok"": true,
    ""data"": [
        {
            ""channelId"": 101,
            ""channelNo"": 0,
            ""name"": ""CH1""
        },
        {
            ""channelId"": 102,
            ""channelNo"": 1,
            ""name"": ""CH2""
        }
    ],
    ""error"": null
}",
채널 상세 조회,VMS-Client,GET,/channel/{channelId},"Accept : application/json
Authorization: Bearer <accessToken>",,VMS-Server,200 OK,Content-Type: application/json,"{
    ""ok"": true,
    ""data"": {
        ""deviceId"": 20,
        ""channelId"": 101,
        ""channelNo"": 0,
        ""name"": ""CH1"",
        ""videoCodec"": ""H264"",
        ""audioCodec"": ""AAC"",
        ""rtsp"": ""rtsp://192.168.0.69:554/0/onvif/profile1/media.smp""
    },
    ""error"": null
}",
이벤트 리스트 조회,VMS-Client,GET,/events,"Accept : application/json
Authorization: Bearer <accessToken>",,VMS-Server,200 OK,Content-Type: application/json,"{
    ""ok"": true,
    ""data"": [
        {
            ""channelId"": 34,
            ""eventId"": 101,
            ""eventType"": ""산불"",
            ""eventTime"": ""이벤트 발생 기준 UTC 시간""
        },
        {
            ""channelId"": 1,
            ""eventId"": 102,
            ""eventType"": ""모션감지"",
            ""eventTime"": ""이벤트 발생 기준 UTC 시간""
        },
        {
            ""channelId"": 1,
            ""eventId"": 103,
            ""eventType"": ""산사태"",
            ""eventTime"": ""이벤트 발생 기준 UTC 시간""
        }
    ],
    ""error"": null
}",쌓여있는 이벤트 목록을 조회
이벤트 디테일 조회,VMS-Client,GET,/event/{eventId},"Accept : application/json
Authorization: Bearer <accessToken>",,VMS-Server,200 OK,Content-Type: application/json,"{
    ""ok"": true,
    ""data"": {
        ""channelId"": 34,
        ""eventId"": 101,
        ""eventType"": ""산불"",
        ""eventTime"": ""이벤트 발생 기준 UTC 시간"",
        ""summary"": ""요약 정보"",
        ""bestshotId"": 342324
    },
    ""error"": null
}",
이벤트 실시간 구독,VMS-Client,GET,/events/ws,"Upgrade: websocket
Connection: Upgrade
Sec-WebSocket-Key: dGhlIHNhbXBsZSBub25jZQ==
Sec-WebSocket-Version: 13
Authorization: Bearer <token>
Sec-WebSocket-Protocol: vms.events.v1",,VMS-Server,101 Switching Protocols,"Upgrade: websocket
Connection: Upgrade
Sec-WebSocket-Accept: <computed>
Sec-WebSocket-Protocol: vms.events.v1",,WS 연결 수립. 인증 실패 시 401/403(Handshake 단계에서)
중계기 제어 스트림 연결,VMS-Client,GET,/gw/ws,"Upgrade: websocket
Connection: Upgrade
Sec-WebSocket-Key: dGhlIHNhbXBsZSBub25jZQ==
Sec-WebSocket-Version: 13
Authorization: Bearer <token>
Sec-WebSocket-Protocol: vms.gw.v1",,VMS-Server,101 Switching Protocols,"Upgrade: websocket
Connection: Upgrade
Sec-WebSocket-Accept: <computed>
Sec-WebSocket-Protocol: vms.gw.v1",,WS 연결 수립. 인증 실패 시 401/403(Handshake 단계에서)
중계기 스트림 연결,VMS-Server,GET,"/ugv/ws

포트는 8080","Upgrade: websocket
Connection: Upgrade
Sec-WebSocket-Key: dGhlIHNhbXBsZSBub25jZQ==
Sec-WebSocket-Version: 13
Sec-WebSocket-Protocol: device.ugv.v1",,Gateway,101 Switching Protocols,"Upgrade: websocket
Connection: Upgrade
Sec-WebSocket-Accept: <computed>
Sec-WebSocket-Protocol: device.ugv.v1",,
"저장된 영상 목록
{그 날짜에 녹화가 존재하는 채널}",VMS-Client,GET,"/playback/dates/{date}/channels


{date} 포멧 2026-02-19","Accept : application/json
Authorization: Bearer <accessToken>",,VMS-Server,200 OK,Content-Type: application/json,"{
    ""ok"": true,
    ""data"": [
        {
            ""channelId"": 100,
            ""name"": ""Channel 1""
        },
        {
            ""channelId"": 101,
            ""name"": ""Channel 2""
        }
    ],
    ""error"": null
}",
타임라인 + 이벤트 마커 조회,VMS-Client,GET,/playback/timeline?channelId=100&date=2026-02-19,"Accept : application/json
Authorization: Bearer <accessToken>",,VMS-Server,200 OK,,"{
    ""ok"": true,
    ""data"": {
        ""date"": ""2026-02-19"",
        ""channelId"": 100,
        ""availableRanges"": [
            {
                ""from"": ""00:00:00"",
                ""to"": ""24:00:00""
            }
        ],
        ""gaps"": [
            {
                ""from"": ""13:55:00"",
                ""to"": ""14:05:00""
            }
        ],
        ""eventMarkers"": [
            {
                ""ts"": ""14:30:05"",
                ""eventId"": 9001,
                ""type"": ""SMOKE""
            }
        ]
    },
    ""error"": null
}",
저장 영상 URL 요청,VMS-Client,GET,/playback/stream?channelId=100&ts=2026-02-19T14:30:22+09:00,"Accept : application/json
Authorization: Bearer <accessToken>",,VMS-Server,200 OK,,"{
    ""ok"": true,
    ""data"": {
        ""protocol"": ""HLS"",
        ""uri"": ""/api/v1/playback/hls/req_abc.m3u8"",
        ""ts"": ""2026-02-19T14:30:22+09:00""
    },
    ""error"": null
}","TSP를 그대로 내주기보다는, 서버가 구간을 이어붙여 HLS/WebRTC로 제공하는 방식이 UI/네트워크에 유리"
CCTV 줌 제어,VMS-Client,POST,/channel/{channelId}/zoom,"Accept : application/json
Authorization: Bearer <accessToken>","{ ""value"": -100 }",VMS-Server,200 OK,Content-Type: application/json,"{ ""ok"": true, ""data"": { ""result"": ""OK"" }, ""error"": null }","허용값: `-100, -10, -1, 1, 10, 100`
서버 내부 매핑: CGI `action=control`, `Zoom=value`"
CCTV 포커스 제어,VMS-Client,POST,/channel/{channelId}/focus,"Accept : application/json
Authorization: Bearer <accessToken>","{ ""value"": 10 }",VMS-Server,200 OK,Content-Type: application/json,"{
  ""ok"": false,
  ""data"": null,
  ""error"": { ""code"": ""INVALID_ARGUMENT|DEVICE_OFFLINE|DEVICE_TIMEOUT|CGI_ERROR"" }
}","허용값: `-100, -10, -1, 1, 10, 100`
서버 내부 매핑: CGI `action=control`, `Focus=value`"